Fecha,Ejercicio, Precio 
02/01/20,2020, 27.564356 
03/01/20,2020, 27.181818 
04/01/20,2020, 28.022988 
06/01/20,2020, 29.333333 
07/01/20,2020, 30.993055 
08/01/20,2020, 30.512987 
09/01/20,2020, 31.570621 
10/01/20,2020, 30.717054 
11/01/20,2020, 31.117241 
13/01/20,2020, 32.494186 
14/01/20,2020, 32.077500 
15/01/20,2020, 31.817567 
16/01/20,2020, 32.312000 
17/01/20,2020, 32.420886 
18/01/20,2020, 32.427745 
20/01/20,2020, 30.326732 
21/01/20,2020, 29.409583 
22/01/20,2020, 29.602459 
23/01/20,2020, 29.106060 
24/01/20,2020, 29.377358 
25/01/20,2020, 27.477272 
27/01/20,2020, 29.033783 
28/01/20,2020, 29.894736 
29/01/20,2020, 31.341772 
30/01/20,2020, 30.828623 
31/01/20,2020, 32.097701 
01/02/20,2020, 29.728813 
04/02/20,2020, 32.606382 
05/02/20,2020, 33.989247 
06/02/20,2020, 33.936170 
07/02/20,2020, 36.536231 
08/02/20,2020, 34.286885 
10/02/20,2020, 37.981481 
11/02/20,2020, 39.436363 
12/02/20,2020, 42.075000 
13/02/20,2020, 43.085271 
14/02/20,2020, 46.940000 
15/02/20,2020, 43.460000 
17/02/20,2020, 47.834645 
18/02/20,2020, 49.815286 
19/02/20,2020, 51.422535 
20/02/20,2020, 51.759124 
21/02/20,2020, 53.379310 
22/02/20,2020, 53.471264 
24/02/20,2020, 49.810344 
25/02/20,2020, 50.409638 
26/02/20,2020, 49.458333 
27/02/20,2020, 48.242105 
28/02/20,2020, 42.521739 
29/02/20,2020, 41.130434 
02/03/20,2020, 39.964912 
03/03/20,2020, 38.653061 
04/03/20,2020, 42.448275 
05/03/20,2020, 42.633333 
06/03/20,2020, 46.181818 
07/03/20,2020, 44.702127 
09/03/20,2020, 49.012048 
10/03/20,2020, 49.970873 
11/03/20,2020, 48.966101 
12/03/20,2020, 50.471698 
13/03/20,2020, 50.723577 
14/03/20,2020, 51.284210 
17/03/20,2020, 51.712000 
18/03/20,2020, 53.053030 
19/03/20,2020, 52.873015 
20/03/20,2020, 51.327586 
21/03/20,2020, 47.280000 
23/03/20,2020, 49.197674 
24/03/20,2020, 48.742857 
25/03/20,2020, 43.852941 
26/03/20,2020, 36.571428 
27/03/20,2020, 33.666666 
28/03/20,2020, 28.727272 
30/03/20,2020, 33.375000 
31/03/20,2020, 33.205882 
01/04/20,2020, 33.818181 
02/04/20,2020, 33.871212 
03/04/20,2020, 34.881578 
04/04/20,2020, 33.912500 
06/04/20,2020, 32.851851 
07/04/20,2020, 34.707317 
08/04/20,2020, 38.308823 
09/04/20,2020, 50.000000 
13/04/20,2020, 41.008771 
14/04/20,2020, 42.184873 
15/04/20,2020, 42.353982 
16/04/20,2020, 41.984375 
17/04/20,2020, 42.412587 
18/04/20,2020, 41.779069 
20/04/20,2020, 42.418181 
21/04/20,2020, 43.020000 
22/04/20,2020, 42.755725 
23/04/20,2020, 42.341085 
24/04/20,2020, 40.925233 
25/04/20,2020, 44.493243 
27/04/20,2020, 41.233333 
28/04/20,2020, 41.352631 
29/04/20,2020, 41.023255 
30/04/20,2020, 40.921348 
02/05/20,2020, 40.985915 
04/05/20,2020, 41.533333 
05/05/20,2020, 42.206422 
06/05/20,2020, 42.230392 
07/05/20,2020, 42.337349 
08/05/20,2020, 43.086419 
09/05/20,2020, 43.593750 
11/05/20,2020, 43.340277 
12/05/20,2020, 44.154255 
13/05/20,2020, 44.140495 
14/05/20,2020, 43.027777 
15/05/20,2020, 43.327586 
16/05/20,2020, 43.608695 
18/05/20,2020, 41.152173 
19/05/20,2020, 38.521739 
20/05/20,2020, 39.421052 
21/05/20,2020, 40.428571 
22/05/20,2020, 39.326923 
23/05/20,2020, 40.571428 
25/05/20,2020, 42.298611 
26/05/20,2020, 43.445652 
27/05/20,2020, 42.974358 
28/05/20,2020, 42.984848 
29/05/20,2020, 41.530769 
30/05/20,2020, 41.583333 
01/06/20,2020, 41.723214 
02/06/20,2020, 41.670454 
03/06/20,2020, 42.222222 
04/06/20,2020, 41.598130 
05/06/20,2020, 41.677419 
06/06/20,2020, 41.041666 
08/06/20,2020, 41.005555 
09/06/20,2020, 41.135964 
10/06/20,2020, 41.296703 
11/06/20,2020, 39.975609 
12/06/20,2020, 39.215384 
13/06/20,2020, 38.851063 
15/06/20,2020, 36.863636 
16/06/20,2020, 37.421052 
17/06/20,2020, 37.352941 
18/06/20,2020, 35.792307 
19/06/20,2020, 34.590909 
20/06/20,2020, 34.850746 
22/06/20,2020, 33.196428 
23/06/20,2020, 32.092857 
24/06/20,2020, 31.063829 
25/06/20,2020, 30.870967 
26/06/20,2020, 29.000000 
27/06/20,2020, 28.528301 
29/06/20,2020, 28.459183 
30/06/20,2020, 28.265625 
01/07/20,2020, 28.060606 
02/07/20,2020, 27.083333 
03/07/20,2020, 26.533333 
04/07/20,2020, 26.808510 
06/07/20,2020, 26.447761 
07/07/20,2020, 26.537974 
08/07/20,2020, 26.707317 
09/07/20,2020, 27.000000 
10/07/20,2020, 27.487179 
11/07/20,2020, 28.208333 
13/07/20,2020, 28.666666 
14/07/20,2020, 28.439655 
15/07/20,2020, 29.372093 
16/07/20,2020, 30.303030 
17/07/20,2020, 30.754901 
18/07/20,2020, 30.800000 
20/07/20,2020, 32.369047 
21/07/20,2020, 33.307017 
22/07/20,2020, 33.236641 
23/07/20,2020, 33.572815 
24/07/20,2020, 34.081818 
25/07/20,2020, 35.457142 
27/07/20,2020, 37.328282 
28/07/20,2020, 38.806122 
29/07/20,2020, 39.480263 
30/07/20,2020, 39.317880 
31/07/20,2020, 38.016666 
01/08/20,2020, 37.096774 
03/08/20,2020, 35.703125 
04/08/20,2020, 34.700000 
05/08/20,2020, 33.435483 
06/08/20,2020, 32.810126 
07/08/20,2020, 30.563380 
08/08/20,2020, 30.095238 
10/08/20,2020, 31.000000 
11/08/20,2020, 29.795454 
12/08/20,2020, 30.382812 
13/08/20,2020, 29.788461 
14/08/20,2020, 28.266666 
15/08/20,2020, 29.257142 
17/08/20,2020, 28.880597 
18/08/20,2020, 28.277108 
19/08/20,2020, 28.875000 
20/08/20,2020, 29.466666 
21/08/20,2020, 29.472972 
22/08/20,2020, 29.171052 
24/08/20,2020, 29.636363 
25/08/20,2020, 30.200000 
26/08/20,2020, 30.494252 
27/08/20,2020, 30.516853 
28/08/20,2020, 30.579365 
29/08/20,2020, 30.805970 
31/08/20,2020, 30.161764 
01/09/20,2020, 30.382022 
02/09/20,2020, 28.668750 
03/09/20,2020, 28.519480 
04/09/20,2020, 26.230769 
05/09/20,2020, 26.769230 
07/09/20,2020, 25.648648 
08/09/20,2020, 25.769230 
09/09/20,2020, 26.069444 
10/09/20,2020, 23.736842 
11/09/20,2020, 22.956521 
12/09/20,2020, 22.625000 
14/09/20,2020, 22.346153 
15/09/20,2020, 22.396551 
17/09/20,2020, 22.068965 
18/09/20,2020, 20.636363 
19/09/20,2020, 20.615384 
21/09/20,2020, 20.470588 
22/09/20,2020, 20.733333 
23/09/20,2020, 19.900000 
24/09/20,2020, 20.043478 
25/09/20,2020, 19.960000 
26/09/20,2020, 19.928571 
28/09/20,2020, 19.769230 
29/09/20,2020, 19.250000 
30/09/20,2020, 19.708333 
01/10/20,2020, 20.000000 
02/10/20,2020, 19.550000 
03/10/20,2020, 19.333333 
05/10/20,2020, 19.382352 
06/10/20,2020, 19.707692 
07/10/20,2020, 19.566037 
08/10/20,2020, 19.510000 
09/10/20,2020, 19.763157 
10/10/20,2020, 20.050847 
12/10/20,2020, 20.245614 
13/10/20,2020, 20.081081 
14/10/20,2020, 20.216666 
15/10/20,2020, 19.885245 
16/10/20,2020, 20.311475 
17/10/20,2020, 20.352941 
19/10/20,2020, 21.145454 
20/10/20,2020, 20.447916 
21/10/20,2020, 20.326530 
22/10/20,2020, 20.474137 
23/10/20,2020, 19.987804 
24/10/20,2020, 19.840579 
26/10/20,2020, 19.843750 
27/10/20,2020, 19.508771 
28/10/20,2020, 19.876288 
29/10/20,2020, 19.763157 
30/10/20,2020, 19.727941 
31/10/20,2020, 19.036231 
03/11/20,2020, 18.295774 
04/11/20,2020, 17.035294 
05/11/20,2020, 17.032894 
06/11/20,2020, 16.523255 
07/11/20,2020, 16.656250 
09/11/20,2020, 16.390000 
10/11/20,2020, 16.378787 
11/11/20,2020, 16.201492 
12/11/20,2020, 16.546875 
13/11/20,2020, 16.272727 
14/11/20,2020, 16.075949 
17/11/20,2020, 15.776923 
18/11/20,2020, 16.150684 
19/11/20,2020, 16.463414 
20/11/20,2020, 17.074712 
21/11/20,2020, 17.154545 
23/11/20,2020, 16.666666 
24/11/20,2020, 16.730392 
25/11/20,2020, 16.818584 
26/11/20,2020, 16.980158 
27/11/20,2020, 18.023255 
28/11/20,2020, 17.055555 
30/11/20,2020, 17.382352 
01/12/20,2020, 17.430379 
02/12/20,2020, 16.971428 
03/12/20,2020, 17.102040 
04/12/20,2020, 16.517045 
05/12/20,2020, 16.483333 
07/12/20,2020, 16.313131 
08/12/20,2020, 16.095454 
09/12/20,2020, 15.866972 
10/12/20,2020, 16.010000 
11/12/20,2020, 16.133333 
12/12/20,2020, 16.538461 
14/12/20,2020, 15.804597 
15/12/20,2020, 15.806930 
16/12/20,2020, 14.932835 
17/12/20,2020, 15.626168 
18/12/20,2020, 15.258620 
19/12/20,2020, 16.245762 
21/12/20,2020, 17.929347 
22/12/20,2020, 17.754464 
23/12/20,2020, 18.573529 
24/12/20,2020, 18.383561 
26/12/20,2020, 19.166666 
28/12/20,2020, 18.218446 
29/12/20,2020, 18.666666 
30/12/20,2020, 19.211538 
31/12/20,2020, 19.478494 
02/01/21,2021, 20.400000 
04/01/21,2021, 19.067961 
05/01/21,2021, 19.003289 
06/01/21,2021, 19.480645 
07/01/21,2021, 19.400584 
08/01/21,2021, 19.701754 
09/01/21,2021, 19.655629 
10/01/21,2021, 16.000000 
11/01/21,2021, 19.979411 
12/01/21,2021, 19.892857 
13/01/21,2021, 19.803468 
14/01/21,2021, 19.487730 
15/01/21,2021, 19.017543 
16/01/21,2021, 18.684397 
18/01/21,2021, 18.901315 
19/01/21,2021, 18.466666 
20/01/21,2021, 18.229299 
21/01/21,2021, 17.748175 
22/01/21,2021, 18.064102 
23/01/21,2021, 18.164179 
25/01/21,2021, 18.012500 
26/01/21,2021, 17.817073 
27/01/21,2021, 18.116438 
28/01/21,2021, 18.027439 
29/01/21,2021, 18.024793 
30/01/21,2021, 17.581521 
02/02/21,2021, 17.939393 
03/02/21,2021, 18.137168 
04/02/21,2021, 18.254464 
05/02/21,2021, 17.833333 
06/02/21,2021, 18.241573 
08/02/21,2021, 19.447058 
09/02/21,2021, 20.512396 
10/02/21,2021, 21.503597 
11/02/21,2021, 22.700000 
12/02/21,2021, 24.593137 
13/02/21,2021, 24.441176 
15/02/21,2021, 26.892857 
16/02/21,2021, 28.803448 
17/02/21,2021, 29.668965 
18/02/21,2021, 30.158536 
19/02/21,2021, 29.985815 
20/02/21,2021, 28.730769 
22/02/21,2021, 28.451851 
23/02/21,2021, 28.196969 
24/02/21,2021, 27.793918 
25/02/21,2021, 27.791666 
26/02/21,2021, 28.576923 
27/02/21,2021, 30.011627 
01/03/21,2021, 31.706422 
02/03/21,2021, 33.964052 
03/03/21,2021, 35.396774 
04/03/21,2021, 35.790540 
05/03/21,2021, 34.596774 
06/03/21,2021, 38.152777 
08/03/21,2021, 42.676136 
09/03/21,2021, 47.557971 
10/03/21,2021, 50.547752 
11/03/21,2021, 51.334224 
12/03/21,2021, 51.615168 
13/03/21,2021, 51.500000 
16/03/21,2021, 52.842465 
17/03/21,2021, 54.078947 
18/03/21,2021, 53.179558 
19/03/21,2021, 51.887573 
20/03/21,2021, 49.318840 
22/03/21,2021, 48.668918 
23/03/21,2021, 46.185897 
24/03/21,2021, 45.475000 
25/03/21,2021, 42.926605 
26/03/21,2021, 40.011904 
27/03/21,2021, 39.677419 
29/03/21,2021, 39.920000 
30/03/21,2021, 41.172413 
31/03/21,2021, 41.475000 
05/04/21,2021, 40.433333 
06/04/21,2021, 43.142857 
07/04/21,2021, 43.439024 
08/04/21,2021, 43.158914 
09/04/21,2021, 44.155688 
10/04/21,2021, 43.652777 
12/04/21,2021, 43.165413 
13/04/21,2021, 43.785714 
14/04/21,2021, 43.493150 
15/04/21,2021, 43.305343 
16/04/21,2021, 41.179687 
17/04/21,2021, 40.859504 
19/04/21,2021, 39.773109 
20/04/21,2021, 37.074074 
21/04/21,2021, 34.275193 
22/04/21,2021, 35.406666 
23/04/21,2021, 33.403846 
24/04/21,2021, 33.328125 
26/04/21,2021, 32.547619 
27/04/21,2021, 32.107142 
28/04/21,2021, 32.066666 
29/04/21,2021, 31.500000 
30/04/21,2021, 32.852941 
03/05/21,2021, 32.642857 
04/05/21,2021, 33.052631 
05/05/21,2021, 33.679012 
06/05/21,2021, 33.910526 
07/05/21,2021, 34.304347 
08/05/21,2021, 35.807692 
10/05/21,2021, 32.439393 
11/05/21,2021, 37.565217 
12/05/21,2021, 38.609649 
13/05/21,2021, 39.404929 
14/05/21,2021, 39.765217 
15/05/21,2021, 38.923076 
17/05/21,2021, 38.873417 
18/05/21,2021, 38.100840 
19/05/21,2021, 36.827160 
20/05/21,2021, 33.728813 
21/05/21,2021, 30.500000 
22/05/21,2021, 30.833333 
24/05/21,2021, 31.297297 
25/05/21,2021, 30.776595 
26/05/21,2021, 29.220588 
27/05/21,2021, 30.406250 
28/05/21,2021, 31.225806 
29/05/21,2021, 32.300000 
31/05/21,2021, 32.807692 
01/06/21,2021, 34.157142 
02/06/21,2021, 34.968750 
03/06/21,2021, 35.560000 
04/06/21,2021, 35.155737 
05/06/21,2021, 34.644628 
07/06/21,2021, 34.779411 
08/06/21,2021, 34.726618 
09/06/21,2021, 33.000000 
10/06/21,2021, 31.992753 
11/06/21,2021, 30.842105 
12/06/21,2021, 27.452380 
14/06/21,2021, 30.106382 
15/06/21,2021, 29.758620 
16/06/21,2021, 29.515151 
17/06/21,2021, 28.086956 
18/06/21,2021, 27.714285 
19/06/21,2021, 27.826086 
21/06/21,2021, 27.740000 
22/06/21,2021, 27.436363 
23/06/21,2021, 26.866666 
24/06/21,2021, 27.192982 
25/06/21,2021, 27.476923 
26/06/21,2021, 27.320754 
28/06/21,2021, 27.022727 
29/06/21,2021, 27.673076 
30/06/21,2021, 27.772727 
01/07/21,2021, 28.817073 
02/07/21,2021, 30.255319 
03/07/21,2021, 29.970588 
05/07/21,2021, 30.760000 
06/07/21,2021, 32.000000 
07/07/21,2021, 32.930232 
08/07/21,2021, 35.135593 
09/07/21,2021, 37.814814 
10/07/21,2021, 39.128205 
12/07/21,2021, 39.342592 
13/07/21,2021, 45.387500 
14/07/21,2021, 49.216216 
15/07/21,2021, 50.341772 
16/07/21,2021, 52.368421 
17/07/21,2021, 51.101010 
19/07/21,2021, 49.263157 
20/07/21,2021, 47.672222 
21/07/21,2021, 45.855932 
22/07/21,2021, 44.728260 
23/07/21,2021, 43.726315 
24/07/21,2021, 42.975000 
26/07/21,2021, 41.922330 
27/07/21,2021, 40.120481 
28/07/21,2021, 41.263157 
29/07/21,2021, 39.905660 
30/07/21,2021, 40.572463 
31/07/21,2021, 41.240000 
02/08/21,2021, 41.487804 
03/08/21,2021, 40.867924 
04/08/21,2021, 42.491228 
05/08/21,2021, 43.750000 
06/08/21,2021, 44.797101 
07/08/21,2021, 46.073170 
09/08/21,2021, 48.687500 
10/08/21,2021, 49.968992 
11/08/21,2021, 51.424242 
12/08/21,2021, 52.624203 
13/08/21,2021, 53.531250 
14/08/21,2021, 52.000000 
16/08/21,2021, 57.170212 
17/08/21,2021, 57.570175 
18/08/21,2021, 60.013422 
19/08/21,2021, 60.896825 
20/08/21,2021, 59.924731 
21/08/21,2021, 60.862745 
23/08/21,2021, 62.918367 
24/08/21,2021, 61.871559 
25/08/21,2021, 62.382716 
26/08/21,2021, 62.635294 
27/08/21,2021, 61.693877 
28/08/21,2021, 59.920000 
30/08/21,2021, 58.354838 
31/08/21,2021, 57.692307 
01/09/21,2021, 56.492957 
02/09/21,2021, 56.645161 
03/09/21,2021, 56.187500 
04/09/21,2021, 56.131578 
06/09/21,2021, 56.040000 
07/09/21,2021, 55.784313 
08/09/21,2021, 56.638297 
09/09/21,2021, 56.607843 
10/09/21,2021, 55.939393 
11/09/21,2021, 55.928571 
13/09/21,2021, 57.353982 
14/09/21,2021, 57.880281 
15/09/21,2021, 56.747826 
17/09/21,2021, 56.795698 
18/09/21,2021, 54.825242 
20/09/21,2021, 53.010101 
21/09/21,2021, 51.323741 
22/09/21,2021, 47.932584 
23/09/21,2021, 44.189189 
24/09/21,2021, 41.666666 
25/09/21,2021, 37.962962 
27/09/21,2021, 36.522727 
28/09/21,2021, 37.666666 
29/09/21,2021, 33.181818 
30/09/21,2021, 30.560000 
01/10/21,2021, 33.125000 
02/10/21,2021, 30.166666 
04/10/21,2021, 28.600000 
05/10/21,2021, 27.533333 
06/10/21,2021, 27.914285 
07/10/21,2021, 29.102272 
08/10/21,2021, 29.547945 
09/10/21,2021, 30.477272 
11/10/21,2021, 33.236111 
12/10/21,2021, 35.132352 
13/10/21,2021, 37.005952 
14/10/21,2021, 38.978723 
15/10/21,2021, 39.391304 
16/10/21,2021, 39.541666 
18/10/21,2021, 43.253086 
19/10/21,2021, 43.015432 
20/10/21,2021, 41.157894 
21/10/21,2021, 39.436619 
22/10/21,2021, 37.350000 
23/10/21,2021, 37.370370 
25/10/21,2021, 36.649350 
26/10/21,2021, 36.615384 
27/10/21,2021, 37.066265 
28/10/21,2021, 38.422619 
29/10/21,2021, 38.958823 
30/10/21,2021, 38.717741 
01/11/21,2021, 41.533898 
02/11/21,2021, 41.500000 
03/11/21,2021, 42.304347 
04/11/21,2021, 42.344827 
05/11/21,2021, 41.796460 
06/11/21,2021, 42.052287 
08/11/21,2021, 40.011904 
09/11/21,2021, 39.821782 
10/11/21,2021, 40.083333 
11/11/21,2021, 40.888888 
12/11/21,2021, 41.858585 
13/11/21,2021, 42.265625 
16/11/21,2021, 41.655172 
17/11/21,2021, 43.626086 
18/11/21,2021, 42.870000 
19/11/21,2021, 42.212765 
20/11/21,2021, 41.771739 
22/11/21,2021, 41.828571 
23/11/21,2021, 42.004901 
24/11/21,2021, 42.984375 
25/11/21,2021, 42.385321 
26/11/21,2021, 41.988505 
27/11/21,2021, 39.880000 
29/11/21,2021, 41.840909 
30/11/21,2021, 43.540816 
01/12/21,2021, 42.504000 
02/12/21,2021, 44.507812 
03/12/21,2021, 45.365591 
04/12/21,2021, 44.550000 
06/12/21,2021, 48.101010 
07/12/21,2021, 47.845454 
08/12/21,2021, 48.768000 
09/12/21,2021, 49.540000 
10/12/21,2021, 49.513761 
11/12/21,2021, 49.284090 
13/12/21,2021, 51.728070 
14/12/21,2021, 53.507246 
15/12/21,2021, 53.452702 
16/12/21,2021, 53.977777 
17/12/21,2021, 53.151041 
18/12/21,2021, 55.854166 
20/12/21,2021, 58.728187 
21/12/21,2021, 59.018181 
22/12/21,2021, 58.200000 
23/12/21,2021, 59.150273 
24/12/21,2021, 61.063829 
27/12/21,2021, 61.144736 
28/12/21,2021, 62.172185 
29/12/21,2021, 62.978142 
30/12/21,2021, 62.018656 
31/12/21,2021, 56.366666 
03/01/22,2022, 55.783783 
04/01/22,2022, 53.108333 
05/01/22,2022, 52.698113 
06/01/22,2022, 52.341666 
07/01/22,2022, 53.326732 
08/01/22,2022, 52.222222 
10/01/22,2022, 53.941176 
11/01/22,2022, 54.275590 
12/01/22,2022, 55.411764 
13/01/22,2022, 55.447154 
14/01/22,2022, 55.963709 
15/01/22,2022, 56.529761 
17/01/22,2022, 58.081632 
18/01/22,2022, 57.621323 
19/01/22,2022, 58.707142 
20/01/22,2022, 59.195312 
21/01/22,2022, 59.553571 
22/01/22,2022, 55.307692 
24/01/22,2022, 53.803571 
25/01/22,2022, 53.950000 
26/01/22,2022, 53.920731 
27/01/22,2022, 51.840659 
28/01/22,2022, 52.257575 
29/01/22,2022, 52.778846 
31/01/22,2022, 54.076923 
01/02/22,2022, 53.310810 
02/02/22,2022, 53.333333 
03/02/22,2022, 55.423076 
04/02/22,2022, 54.833333 
05/02/22,2022, 56.370689 
08/02/22,2022, 58.277777 
09/02/22,2022, 59.524590 
10/02/22,2022, 60.087301 
11/02/22,2022, 58.866071 
19/02/22,2022, 61.965517 
21/02/22,2022, 61.908333 
22/02/22,2022, 61.128205 
23/02/22,2022, 63.875000 
24/02/22,2022, 64.135416 
25/02/22,2022, 63.587786 
26/02/22,2022, 64.371681 
28/02/22,2022, 63.990740 
01/03/22,2022, 65.441860 
02/03/22,2022, 66.000000 
03/03/22,2022, 64.627272 
04/03/22,2022, 64.659482 
05/03/22,2022, 64.866666 
07/03/22,2022, 63.043956 
08/03/22,2022, 64.488372 
09/03/22,2022, 64.952380 
10/03/22,2022, 65.842857 
11/03/22,2022, 65.428571 
12/03/22,2022, 64.500000 
14/03/22,2022, 63.842105 
15/03/22,2022, 64.750000 
16/03/22,2022, 63.378787 
17/03/22,2022, 63.581081 
18/03/22,2022, 63.363636 
19/03/22,2022, 63.742857 
22/03/22,2022, 63.000000 
23/03/22,2022, 62.662500 
24/03/22,2022, 62.968421 
25/03/22,2022, 63.558139 
26/03/22,2022, 61.739583 
28/03/22,2022, 63.571428 
29/03/22,2022, 65.005434 
30/03/22,2022, 64.789772 
31/03/22,2022, 65.031914 
01/04/22,2022, 65.126582 
02/04/22,2022, 65.527272 
04/04/22,2022, 70.597222 
05/04/22,2022, 71.735849 
06/04/22,2022, 73.362831 
07/04/22,2022, 74.766666 
08/04/22,2022, 71.808000 
09/04/22,2022, 77.662162 
11/04/22,2022, 83.714285 
12/04/22,2022, 81.822580 
13/04/22,2022, 92.122807 
14/04/22,2022, 90.000000 
18/04/22,2022, 94.394736 
19/04/22,2022, 99.235714 
20/04/22,2022, 100.500000 
21/04/22,2022, 100.395348 
22/04/22,2022, 100.526717 
23/04/22,2022, 98.677419 
25/04/22,2022, 96.627272 
26/04/22,2022, 95.233644 
27/04/22,2022, 93.979674 
28/04/22,2022, 91.207207 
29/04/22,2022, 91.041095 
30/04/22,2022, 81.857142 
02/05/22,2022, 82.686274 
03/05/22,2022, 81.000000 
04/05/22,2022, 79.180000 
05/05/22,2022, 79.259259 
06/05/22,2022, 75.809523 
07/05/22,2022, 76.272727 
09/05/22,2022, 79.923076 
10/05/22,2022, 78.416666 
11/05/22,2022, 79.188679 
12/05/22,2022, 79.500000 
13/05/22,2022, 83.066666 
14/05/22,2022, 86.153846 
16/05/22,2022, 94.548387 
17/05/22,2022, 94.131147 
18/05/22,2022, 97.644736 
19/05/22,2022, 99.382352 
20/05/22,2022, 98.111111 
21/05/22,2022, 98.631578 
23/05/22,2022, 97.810810 
24/05/22,2022, 96.893617 
25/05/22,2022, 96.516666 
26/05/22,2022, 96.938461 
27/05/22,2022, 97.112676 
28/05/22,2022, 94.629629 
30/05/22,2022, 95.450000 
31/05/22,2022, 96.527777 
01/06/22,2022, 95.416666 
02/06/22,2022, 96.166666 
03/06/22,2022, 91.647058 
04/06/22,2022, 90.000000 
06/06/22,2022, 90.210526 
07/06/22,2022, 87.083333 
08/06/22,2022, 93.970588 
09/06/22,2022, 97.383720 
10/06/22,2022, 96.909090 
11/06/22,2022, 95.714285 
13/06/22,2022, 107.666666 
14/06/22,2022, 107.954545 
15/06/22,2022, 113.177777 
16/06/22,2022, 104.133333 
17/06/22,2022, 104.250000 
18/06/22,2022, 114.500000 
20/06/22,2022, 97.779411 
21/06/22,2022, 97.293103 
22/06/22,2022, 96.400000 
23/06/22,2022, 96.882352 
24/06/22,2022, 96.088888 
25/06/22,2022, 95.058823 
27/06/22,2022, 88.083916 
28/06/22,2022, 75.613636 
29/06/22,2022, 63.441441 
30/06/22,2022, 52.315789 
01/07/22,2022, 45.315789 
02/07/22,2022, 50.111111 
04/07/22,2022, 42.465116 
05/07/22,2022, 44.914893 
06/07/22,2022, 47.250000 
07/07/22,2022, 48.633333 
08/07/22,2022, 51.250000 
09/07/22,2022, 52.523809 
11/07/22,2022, 58.430107 
12/07/22,2022, 58.595744 
13/07/22,2022, 56.675675 
14/07/22,2022, 52.716417 
15/07/22,2022, 46.828571 
16/07/22,2022, 45.884615 
18/07/22,2022, 45.789473 
19/07/22,2022, 47.066666 
20/07/22,2022, 46.150000 
21/07/22,2022, 44.172413 
22/07/22,2022, 43.821428 
23/07/22,2022, 42.631578 
25/07/22,2022, 43.980392 
26/07/22,2022, 41.293103 
27/07/22,2022, 40.933333 
28/07/22,2022, 40.955223 
29/07/22,2022, 40.929411 
30/07/22,2022, 42.825000 
01/08/22,2022, 43.746478 
02/08/22,2022, 43.131868 
03/08/22,2022, 43.481927 
04/08/22,2022, 44.072727 
05/08/22,2022, 43.906542 
06/08/22,2022, 43.500000 
08/08/22,2022, 43.734513 
09/08/22,2022, 41.608490 
10/08/22,2022, 39.000000 
11/08/22,2022, 37.568181 
12/08/22,2022, 34.857142 
13/08/22,2022, 34.352941 
15/08/22,2022, 33.166666 
16/08/22,2022, 31.875000 
17/08/22,2022, 33.351851 
18/08/22,2022, 33.837209 
19/08/22,2022, 32.428571 
20/08/22,2022, 32.157894 
22/08/22,2022, 31.738461 
23/08/22,2022, 31.366972 
24/08/22,2022, 30.904761 
25/08/22,2022, 30.470588 
26/08/22,2022, 29.840000 
27/08/22,2022, 29.600000 
29/08/22,2022, 30.120000 
30/08/22,2022, 29.041666 
31/08/22,2022, 29.183908 
01/09/22,2022, 29.034090 
02/09/22,2022, 29.434579 
03/09/22,2022, 29.720000 
05/09/22,2022, 29.400000 
06/09/22,2022, 29.282608 
07/09/22,2022, 28.971962 
08/09/22,2022, 27.680555 
09/09/22,2022, 25.872340 
10/09/22,2022, 26.210526 
12/09/22,2022, 24.261363 
13/09/22,2022, 23.452991 
14/09/22,2022, 22.538043 
15/09/22,2022, 22.073170 
17/09/22,2022, 22.500000 
19/09/22,2022, 21.953125 
20/09/22,2022, 21.963636 
21/09/22,2022, 22.000000 
22/09/22,2022, 22.190476 
23/09/22,2022, 23.060344 
24/09/22,2022, 23.060975 
26/09/22,2022, 24.196428 
27/09/22,2022, 24.951807 
28/09/22,2022, 25.533333 
29/09/22,2022, 25.566265 
30/09/22,2022, 26.102564 
01/10/22,2022, 26.916666 
03/10/22,2022, 28.418478 
04/10/22,2022, 28.878612 
05/10/22,2022, 27.912000 
06/10/22,2022, 26.211267 
07/10/22,2022, 24.973214 
08/10/22,2022, 25.250000 
10/10/22,2022, 23.810344 
11/10/22,2022, 23.600000 
12/10/22,2022, 24.061538 
13/10/22,2022, 23.988372 
14/10/22,2022, 23.596491 
15/10/22,2022, 23.897435 
17/10/22,2022, 23.515625 
18/10/22,2022, 23.672413 
19/10/22,2022, 23.462365 
20/10/22,2022, 23.463917 
21/10/22,2022, 23.513888 
22/10/22,2022, 23.983333 
24/10/22,2022, 24.280000 
25/10/22,2022, 24.007575 
26/10/22,2022, 24.000000 
27/10/22,2022, 24.056000 
28/10/22,2022, 23.188172 
29/10/22,2022, 23.140845 
31/10/22,2022, 23.548076 
01/11/22,2022, 24.111111 
02/11/22,2022, 24.500000 
03/11/22,2022, 23.583333 
04/11/22,2022, 22.904371 
05/11/22,2022, 23.005747 
07/11/22,2022, 22.843750 
08/11/22,2022, 22.287610 
09/11/22,2022, 22.124000 
10/11/22,2022, 21.318681 
11/11/22,2022, 20.943037 
12/11/22,2022, 20.023255 
14/11/22,2022, 19.344827 
15/11/22,2022, 19.936507 
16/11/22,2022, 19.474576 
17/11/22,2022, 19.797872 
18/11/22,2022, 19.945121 
19/11/22,2022, 19.642857 
22/11/22,2022, 20.307142 
23/11/22,2022, 20.348314 
24/11/22,2022, 20.500000 
25/11/22,2022, 20.660000 
26/11/22,2022, 20.604838 
28/11/22,2022, 20.253164 
29/11/22,2022, 20.265822 
30/11/22,2022, 20.470238 
01/12/22,2022, 21.035000 
02/12/22,2022, 20.879310 
03/12/22,2022, 21.193181 
05/12/22,2022, 21.489795 
06/12/22,2022, 21.852000 
07/12/22,2022, 21.750000 
08/12/22,2022, 21.670542 
09/12/22,2022, 21.163551 
10/12/22,2022, 21.303030 
12/12/22,2022, 21.805555 
13/12/22,2022, 21.342857 
14/12/22,2022, 21.905797 
15/12/22,2022, 21.603571 
16/12/22,2022, 21.730769 
17/12/22,2022, 21.600000 
19/12/22,2022, 22.200000 
20/12/22,2022, 22.165517 
21/12/22,2022, 22.050955 
22/12/22,2022, 20.566964 
23/12/22,2022, 21.397727 
24/12/22,2022, 22.200000 
26/12/22,2022, 21.535714 
27/12/22,2022, 21.707627 
28/12/22,2022, 21.852380 
29/12/22,2022, 21.742990 
30/12/22,2022, 21.522988 
31/12/22,2022, 20.777777 
02/01/23,2023, 19.437500 
03/01/23,2023, 21.111111 
04/01/23,2023, 20.890756 
05/01/23,2023, 20.436893 
06/01/23,2023, 19.936708 
07/01/23,2023, 20.137500 
09/01/23,2023, 20.143564 
10/01/23,2023, 19.881147 
11/01/23,2023, 19.838461 
12/01/23,2023, 19.767857 
13/01/23,2023, 19.907975 
14/01/23,2023, 19.879629 
16/01/23,2023, 20.078358 
17/01/23,2023, 20.130681 
18/01/23,2023, 19.862359 
19/01/23,2023, 20.129310 
20/01/23,2023, 20.324742 
21/01/23,2023, 20.379194 
23/01/23,2023, 20.308724 
24/01/23,2023, 20.403973 
25/01/23,2023, 19.890510 
26/01/23,2023, 19.268750 
27/01/23,2023, 19.370786 
28/01/23,2023, 19.474137 
30/01/23,2023, 19.803571 
31/01/23,2023, 19.556250 
01/02/23,2023, 19.702970 
02/02/23,2023, 19.585585 
03/02/23,2023, 19.698113 
04/02/23,2023, 19.606666 
07/02/23,2023, 19.569892 
08/02/23,2023, 19.771844 
09/02/23,2023, 20.108391 
10/02/23,2023, 20.068702 
11/02/23,2023, 20.123762 
13/02/23,2023, 20.719230 
14/02/23,2023, 20.942953 
15/02/23,2023, 20.969565 
16/02/23,2023, 21.332061 
17/02/23,2023, 21.240566 
18/02/23,2023, 21.396825 
20/02/23,2023, 22.656250 
21/02/23,2023, 23.589928 
22/02/23,2023, 23.956692 
23/02/23,2023, 23.858695 
24/02/23,2023, 24.010563 
25/02/23,2023, 24.259433 
27/02/23,2023, 24.772357 
28/02/23,2023, 25.336879 
01/03/23,2023, 25.486301 
02/03/23,2023, 26.114093 
03/03/23,2023, 26.079310 
04/03/23,2023, 25.986111 
06/03/23,2023, 27.439597 
07/03/23,2023, 27.399328 
08/03/23,2023, 27.666666 
09/03/23,2023, 27.894230 
10/03/23,2023, 27.629139 
11/03/23,2023, 27.768867 
13/03/23,2023, 27.731292 
14/03/23,2023, 27.945431 
15/03/23,2023, 27.510256 
16/03/23,2023, 27.358757 
17/03/23,2023, 26.897058 
18/03/23,2023, 26.962686 
21/03/23,2023, 26.988721 
22/03/23,2023, 26.714285 
23/03/23,2023, 26.144444 
24/03/23,2023, 25.784000 
25/03/23,2023, 25.698795 
27/03/23,2023, 25.773148 
28/03/23,2023, 26.172932 
29/03/23,2023, 26.240000 
30/03/23,2023, 26.233552 
31/03/23,2023, 26.098484 
01/04/23,2023, 26.350515 
03/04/23,2023, 26.148648 
04/04/23,2023, 26.560344 
05/04/23,2023, 26.811111 
10/04/23,2023, 26.546601 
11/04/23,2023, 27.033742 
12/04/23,2023, 27.364161 
13/04/23,2023, 27.156804 
14/04/23,2023, 26.877300 
15/04/23,2023, 26.417431 
17/04/23,2023, 26.300751 
18/04/23,2023, 26.407801 
19/04/23,2023, 26.003649 
20/04/23,2023, 25.791095 
21/04/23,2023, 25.722972 
22/04/23,2023, 25.338709 
24/04/23,2023, 25.296116 
25/04/23,2023, 25.082677 
26/04/23,2023, 25.021276 
27/04/23,2023, 24.629411 
28/04/23,2023, 24.092592 
29/04/23,2023, 22.875000 
02/05/23,2023, 22.480769 
03/05/23,2023, 22.510869 
04/05/23,2023, 22.370192 
05/05/23,2023, 22.388888 
06/05/23,2023, 22.457142 
08/05/23,2023, 22.087837 
09/05/23,2023, 22.430000 
10/05/23,2023, 23.142156 
11/05/23,2023, 22.947115 
12/05/23,2023, 23.004385 
13/05/23,2023, 23.084615 
15/05/23,2023, 23.518987 
16/05/23,2023, 24.087155 
17/05/23,2023, 24.703007 
18/05/23,2023, 24.786885 
19/05/23,2023, 24.517647 
20/05/23,2023, 24.274193 
22/05/23,2023, 24.963855 
23/05/23,2023, 25.595238 
24/05/23,2023, 26.128571 
25/05/23,2023, 26.417241 
26/05/23,2023, 26.830645 
27/05/23,2023, 26.476923 
29/05/23,2023, 26.810344 
30/05/23,2023, 27.282051 
31/05/23,2023, 27.209016 
01/06/23,2023, 27.000000 
02/06/23,2023, 27.068627 
03/06/23,2023, 26.474025 
05/06/23,2023, 27.065217 
06/06/23,2023, 27.372262 
07/06/23,2023, 27.560975 
08/06/23,2023, 27.669565 
09/06/23,2023, 27.877450 
10/06/23,2023, 27.923913 
12/06/23,2023, 28.086666 
13/06/23,2023, 29.640845 
14/06/23,2023, 30.926470 
15/06/23,2023, 32.737704 
16/06/23,2023, 32.857142 
17/06/23,2023, 31.333333 
19/06/23,2023, 41.727272 
20/06/23,2023, 46.390243 
21/06/23,2023, 54.818181 
22/06/23,2023, 66.687500 
23/06/23,2023, 66.548192 
24/06/23,2023, 63.505208 
26/06/23,2023, 58.961206 
27/06/23,2023, 56.859813 
28/06/23,2023, 51.647058 
29/06/23,2023, 48.451923 
30/06/23,2023, 48.139534 
01/07/23,2023, 49.000000 
03/07/23,2023, 44.888888 
04/07/23,2023, 48.250000 
05/07/23,2023, 46.909090 
06/07/23,2023, 43.186813 
07/07/23,2023, 42.918750 
08/07/23,2023, 45.250000 
10/07/23,2023, 41.144444 
11/07/23,2023, 41.666666 
12/07/23,2023, 43.831168 
13/07/23,2023, 46.634408 
14/07/23,2023, 49.274509 
15/07/23,2023, 50.400000 
17/07/23,2023, 45.500000 
18/07/23,2023, 45.000000 
19/07/23,2023, 44.000000 
20/07/23,2023, 44.650684 
21/07/23,2023, 41.491935 
22/07/23,2023, 36.852941 
24/07/23,2023, 38.349056 
25/07/23,2023, 38.137931 
26/07/23,2023, 37.894444 
27/07/23,2023, 38.674698 
28/07/23,2023, 39.067164 
29/07/23,2023, 37.292682 
31/07/23,2023, 40.682539 
01/08/23,2023, 42.729007 
02/08/23,2023, 43.700000 
03/08/23,2023, 44.483516 
04/08/23,2023, 47.053191 
05/08/23,2023, 48.607142 
07/08/23,2023, 48.889705 
08/08/23,2023, 45.949152 
09/08/23,2023, 51.764705 
10/08/23,2023, 50.139784 
11/08/23,2023, 50.495575 
12/08/23,2023, 51.735294 
14/08/23,2023, 51.673913 
15/08/23,2023, 49.657657 
16/08/23,2023, 46.300000 
17/08/23,2023, 41.636363 
18/08/23,2023, 41.250000 
19/08/23,2023, 37.500000 
21/08/23,2023, 39.090909 
22/08/23,2023, 35.627450 
23/08/23,2023, 33.298507 
24/08/23,2023, 32.000000 
25/08/23,2023, 33.240000 
26/08/23,2023, 29.923076 
28/08/23,2023, 28.844444 
29/08/23,2023, 27.368421 
30/08/23,2023, 26.807692 
31/08/23,2023, 27.333333 
01/09/23,2023, 27.679487 
02/09/23,2023, 26.790697 
04/09/23,2023, 27.906976 
05/09/23,2023, 29.103448 
06/09/23,2023, 29.557377 
07/09/23,2023, 29.439024 
08/09/23,2023, 29.333333 
09/09/23,2023, 28.934782 
11/09/23,2023, 29.442307 
12/09/23,2023, 31.174757 
13/09/23,2023, 31.854545 
14/09/23,2023, 30.860000 
15/09/23,2023, 31.464705 
18/09/23,2023, 31.765486 
19/09/23,2023, 31.069767 
20/09/23,2023, 30.542553 
21/09/23,2023, 29.350961 
22/09/23,2023, 28.658536 
23/09/23,2023, 29.085106 
25/09/23,2023, 28.518987 
26/09/23,2023, 27.584415 
27/09/23,2023, 27.552238 
28/09/23,2023, 27.280000 
29/09/23,2023, 27.897727 
30/09/23,2023, 27.166666 
02/10/23,2023, 26.166666 
03/10/23,2023, 27.833333 
04/10/23,2023, 24.318181 
05/10/23,2023, 23.409090 
06/10/23,2023, 22.531250 
07/10/23,2023, 23.250000 
09/10/23,2023, 24.919354 
10/10/23,2023, 24.644067 
11/10/23,2023, 24.588235 
12/10/23,2023, 25.180722 
13/10/23,2023, 25.525316 
14/10/23,2023, 24.142857 
16/10/23,2023, 24.846153 
17/10/23,2023, 26.122950 
18/10/23,2023, 26.705882 
19/10/23,2023, 27.463157 
20/10/23,2023, 26.741758 
21/10/23,2023, 26.626984 
23/10/23,2023, 26.910256 
24/10/23,2023, 27.750000 
25/10/23,2023, 28.212500 
26/10/23,2023, 27.916666 
27/10/23,2023, 28.717105 
28/10/23,2023, 27.464285 
30/10/23,2023, 30.965517 
31/10/23,2023, 31.094594 
01/11/23,2023, 32.214285 
03/11/23,2023, 33.064516 
04/11/23,2023, 32.756578 
06/11/23,2023, 32.619047 
07/11/23,2023, 31.065789 
08/11/23,2023, 27.714285 
09/11/23,2023, 24.900000 
10/11/23,2023, 23.400000 
11/11/23,2023, 22.000000 
13/11/23,2023, 27.500000 
14/11/23,2023, 25.500000 
15/11/23,2023, 25.582089 
16/11/23,2023, 25.411764 
17/11/23,2023, 25.910714 
18/11/23,2023, 23.454545 
21/11/23,2023, 27.475409 
22/11/23,2023, 27.305309 
23/11/23,2023, 27.142201 
24/11/23,2023, 26.645631 
25/11/23,2023, 27.302631 
27/11/23,2023, 26.797468 
28/11/23,2023, 27.652173 
29/11/23,2023, 26.891304 
30/11/23,2023, 27.354368 
01/12/23,2023, 26.456896 
02/12/23,2023, 26.555555 
04/12/23,2023, 25.919117 
05/12/23,2023, 24.950704 
06/12/23,2023, 24.346153 
07/12/23,2023, 26.892857 
08/12/23,2023, 25.476923 
09/12/23,2023, 26.147058 
11/12/23,2023, 26.575000 
12/12/23,2023, 28.634615 
13/12/23,2023, 28.316091 
14/12/23,2023, 27.712765 
15/12/23,2023, 27.768750 
16/12/23,2023, 29.270270 
18/12/23,2023, 28.738095 
19/12/23,2023, 28.692307 
20/12/23,2023, 29.008333 
21/12/23,2023, 30.575757 
22/12/23,2023, 29.034883 
23/12/23,2023, 24.846153 
26/12/23,2023, 28.875000 
27/12/23,2023, 29.415384 
28/12/23,2023, 28.672413 
29/12/23,2023, 30.165094 
30/12/23,2023, 28.416666 
02/01/24,2024, 29.191860 
03/01/24,2024, 29.829113 
04/01/24,2024, 29.490000 
05/01/24,2024, 29.783898 
06/01/24,2024, 28.517647 
08/01/24,2024, 28.754310 
09/01/24,2024, 29.564220 
10/01/24,2024, 29.386138 
11/01/24,2024, 28.700000 
12/01/24,2024, 29.072368 
13/01/24,2024, 27.000000 
15/01/24,2024, 27.108333 
16/01/24,2024, 27.791666 
17/01/24,2024, 26.373239 
18/01/24,2024, 26.685897 
19/01/24,2024, 26.950704 
20/01/24,2024, 26.490000 
22/01/24,2024, 27.423611 
23/01/24,2024, 27.164473 
24/01/24,2024, 27.666666 
25/01/24,2024, 27.940860 
26/01/24,2024, 28.390804 
27/01/24,2024, 28.269230 
29/01/24,2024, 28.652941 
30/01/24,2024, 28.944444 
31/01/24,2024, 29.452127 
01/02/24,2024, 29.867924 
02/02/24,2024, 29.792207 
03/02/24,2024, 28.391304 
06/02/24,2024, 29.638157 
07/02/24,2024, 30.785714 
08/02/24,2024, 30.170833 
09/02/24,2024, 30.792553 
10/02/24,2024, 30.471428 
12/02/24,2024, 31.252873 
13/02/24,2024, 31.347457 
14/02/24,2024, 32.416666 
15/02/24,2024, 32.780701 
16/02/24,2024, 32.283950 
17/02/24,2024, 31.222222 
19/02/24,2024, 32.670103 
20/02/24,2024, 33.400000 
21/02/24,2024, 31.461864 
22/02/24,2024, 30.937500 
23/02/24,2024, 30.764705 
24/02/24,2024, 31.476744 
26/02/24,2024, 30.838235 
27/02/24,2024, 30.554216 
28/02/24,2024, 30.333333 
29/02/24,2024, 30.634615 
01/03/24,2024, 29.895348 
02/03/24,2024, 31.285714 
04/03/24,2024, 30.943548 
05/03/24,2024, 32.013513 
06/03/24,2024, 31.670588 
07/03/24,2024, 32.676136 
08/03/24,2024, 33.378378 
09/03/24,2024, 33.555555 
11/03/24,2024, 34.000000 
12/03/24,2024, 33.964285 
13/03/24,2024, 34.330097 
14/03/24,2024, 34.796703 
15/03/24,2024, 34.493827 
16/03/24,2024, 35.483333 
19/03/24,2024, 36.979381 
20/03/24,2024, 38.904761 
21/03/24,2024, 39.246913 
22/03/24,2024, 39.145833 
23/03/24,2024, 38.291044 
25/03/24,2024, 39.543478 
26/03/24,2024, 40.776315 
27/03/24,2024, 40.688888 
01/04/24,2024, 40.965517 
02/04/24,2024, 40.573033 
03/04/24,2024, 40.947368 
04/04/24,2024, 39.970149 
05/04/24,2024, 39.018518 
06/04/24,2024, 36.420000 
08/04/24,2024, 35.836666 
09/04/24,2024, 34.760000 
10/04/24,2024, 34.650000 
11/04/24,2024, 35.754716 
12/04/24,2024, 35.340425 
13/04/24,2024, 37.138888 
15/04/24,2024, 38.683333 
16/04/24,2024, 39.303797 
17/04/24,2024, 39.965346 
18/04/24,2024, 40.625000 
19/04/24,2024, 40.678082 
20/04/24,2024, 41.575757 
22/04/24,2024, 42.589743 
23/04/24,2024, 45.220779 
24/04/24,2024, 45.757731 
25/04/24,2024, 45.380952 
26/04/24,2024, 44.778947 
27/04/24,2024, 44.000000 
29/04/24,2024, 43.621621 
30/04/24,2024, 42.571428 
02/05/24,2024, 41.423076 
03/05/24,2024, 41.169014 
04/05/24,2024, 42.032608 
06/05/24,2024, 42.932432 
07/05/24,2024, 42.774647 
08/05/24,2024, 41.045454 
09/05/24,2024, 40.580246 
10/05/24,2024, 40.090909 
11/05/24,2024, 36.812500 
13/05/24,2024, 38.382978 
14/05/24,2024, 35.459459 
15/05/24,2024, 37.500000 
16/05/24,2024, 38.122807 
17/05/24,2024, 37.715909 
18/05/24,2024, 38.416666 
20/05/24,2024, 39.083333 
21/05/24,2024, 39.100000 
22/05/24,2024, 39.095238 
23/05/24,2024, 39.700000 
24/05/24,2024, 39.413043 
25/05/24,2024, 39.931034 
27/05/24,2024, 41.920000 
28/05/24,2024, 43.110000 
29/05/24,2024, 43.673913 
30/05/24,2024, 44.918478 
31/05/24,2024, 45.302631 
01/06/24,2024, 45.054054 
03/06/24,2024, 45.078947 
04/06/24,2024, 48.533333 
05/06/24,2024, 49.887323 
06/06/24,2024, 51.320000 
07/06/24,2024, 49.206896 
08/06/24,2024, 52.000000 
10/06/24,2024, 52.687500 
11/06/24,2024, 56.468085 
12/06/24,2024, 58.068181 
13/06/24,2024, 58.919117 
14/06/24,2024, 60.414772 
15/06/24,2024, 60.308823 
17/06/24,2024, 60.846153 
18/06/24,2024, 56.300000 
19/06/24,2024, 65.000000 
20/06/24,2024, 59.523809 
21/06/24,2024, 61.677419 
22/06/24,2024, 62.200000 
24/06/24,2024, 61.814814 
25/06/24,2024, 62.807692 
26/06/24,2024, 62.559523 
27/06/24,2024, 62.417721 
28/06/24,2024, 59.283018 
29/06/24,2024, 53.684210 
01/07/24,2024, 49.047619 
02/07/24,2024, 47.650000 
03/07/24,2024, 45.693877 
04/07/24,2024, 46.271186 
05/07/24,2024, 45.658536 
06/07/24,2024, 46.105263 
08/07/24,2024, 44.322580 
09/07/24,2024, 45.750000 
10/07/24,2024, 45.696428 
11/07/24,2024, 44.000000 
12/07/24,2024, 42.608695 
13/07/24,2024, 41.090909 
15/07/24,2024, 39.761904 
16/07/24,2024, 40.934426 
17/07/24,2024, 40.023809 
18/07/24,2024, 39.285714 
19/07/24,2024, 39.800000 
20/07/24,2024, 41.375000 
22/07/24,2024, 41.357142 
23/07/24,2024, 41.580645 
24/07/24,2024, 43.425531 
25/07/24,2024, 44.804347 
26/07/24,2024, 49.380952 
27/07/24,2024, 50.481481 
29/07/24,2024, 52.224489 
30/07/24,2024, 56.512987 
31/07/24,2024, 60.029411 
01/08/24,2024, 62.188524 
02/08/24,2024, 64.915492 
03/08/24,2024, 69.073170 
05/08/24,2024, 72.395522 
06/08/24,2024, 75.207792 
07/08/24,2024, 68.964912 
08/08/24,2024, 68.918918 
09/08/24,2024, 62.767307 
10/08/24,2024, 62.083333 
12/08/24,2024, 53.389830 
13/08/24,2024, 48.578947 
14/08/24,2024, 49.452380 
15/08/24,2024, 48.047619 
16/08/24,2024, 53.382352 
17/08/24,2024, 49.100000 
19/08/24,2024, 54.075000 
20/08/24,2024, 56.702702 
21/08/24,2024, 58.527777 
22/08/24,2024, 55.940000 
23/08/24,2024, 54.529411 
24/08/24,2024, 54.529411 
26/08/24,2024, 53.734693 
27/08/24,2024, 51.490909 
28/08/24,2024, 47.833333 
29/08/24,2024, 45.866666 
30/08/24,2024, 49.272727 
31/08/24,2024, 47.800000 
02/09/24,2024, 44.347222 
03/09/24,2024, 44.842105 
04/09/24,2024, 43.426470 
05/09/24,2024, 44.422413 
06/09/24,2024, 45.134146 
07/09/24,2024, 43.583333 
09/09/24,2024, 46.066037 
10/09/24,2024, 43.553846 
11/09/24,2024, 42.339285 
12/09/24,2024, 42.885245 
13/09/24,2024, 40.514285 
14/09/24,2024, 37.641025 
17/09/24,2024, 39.000000 
18/09/24,2024, 40.702127 
19/09/24,2024, 42.142857 
20/09/24,2024, 41.035087 
21/09/24,2024, 42.634146 
23/09/24,2024, 41.746835 
24/09/24,2024, 42.608695 
25/09/24,2024, 41.581395 
26/09/24,2024, 43.166666 
27/09/24,2024, 41.652777 
28/09/24,2024, 41.934426 
30/09/24,2024, 43.424242 
02/10/24,2024, 44.402985 
03/10/24,2024, 46.338582 
04/10/24,2024, 45.922330 
05/10/24,2024, 45.933333 
07/10/24,2024, 45.258928 
08/10/24,2024, 45.914414 
09/10/24,2024, 44.941176 
10/10/24,2024, 44.691011 
11/10/24,2024, 44.220338 
12/10/24,2024, 44.833333 
14/10/24,2024, 45.771428 
15/10/24,2024, 46.325000 
16/10/24,2024, 46.000000 
17/10/24,2024, 45.960784 
18/10/24,2024, 45.297872 
19/10/24,2024, 44.636363 
21/10/24,2024, 46.639344 
22/10/24,2024, 43.534246 
23/10/24,2024, 45.962962 
24/10/24,2024, 48.743589 
25/10/24,2024, 47.789473 
26/10/24,2024, 44.550000 
28/10/24,2024, 46.071428 
29/10/24,2024, 44.377358 
30/10/24,2024, 46.741935 
31/10/24,2024, 42.204081 
01/11/24,2024, 41.357142 
04/11/24,2024, 42.308510 
05/11/24,2024, 43.331460 
06/11/24,2024, 43.570512 
07/11/24,2024, 43.389830 
08/11/24,2024, 42.207142 
09/11/24,2024, 41.767441 
11/11/24,2024, 45.027397 
12/11/24,2024, 46.283950 
13/11/24,2024, 46.264367 
14/11/24,2024, 45.864864 
15/11/24,2024, 46.127450 
16/11/24,2024, 42.666666 
19/11/24,2024, 50.028089 
20/11/24,2024, 50.954545 
21/11/24,2024, 49.695454 
22/11/24,2024, 51.648351 
23/11/24,2024, 52.990000 
25/11/24,2024, 52.063492 
26/11/24,2024, 51.782051 
27/11/24,2024, 53.506024 
28/11/24,2024, 54.905405 
29/11/24,2024, 51.907407 
30/11/24,2024, 47.022727 
02/12/24,2024, 55.670731 
03/12/24,2024, 56.018750 
04/12/24,2024, 52.939024 
05/12/24,2024, 51.653846 
06/12/24,2024, 53.420289 
07/12/24,2024, 51.360000 
09/12/24,2024, 51.000000 
10/12/24,2024, 52.131868 
11/12/24,2024, 50.303797 
12/12/24,2024, 50.520408 
13/12/24,2024, 49.525000 
14/12/24,2024, 47.888888 
16/12/24,2024, 47.646341 
17/12/24,2024, 47.366071 
18/12/24,2024, 49.075471 
19/12/24,2024, 48.140000 
20/12/24,2024, 49.789473 
21/12/24,2024, 49.884615 
23/12/24,2024, 51.979591 
24/12/24,2024, 49.090909 
26/12/24,2024, 51.085106 
27/12/24,2024, 53.226415 
28/12/24,2024, 51.842105 
30/12/24,2024, 50.500000 
31/12/24,2024, 52.903225 
02/01/25,2025, 53.346153 
03/01/25,2025, 53.787234 
04/01/25,2025, 52.782608 
06/01/25,2025, 58.328947 
07/01/25,2025, 60.685185 
08/01/25,2025, 61.364367 
09/01/25,2025, 63.300884 
10/01/25,2025, 64.203883 
11/01/25,2025, 64.083333 
13/01/25,2025, 65.326732 
14/01/25,2025, 65.827586 
15/01/25,2025, 66.056554 
16/01/25,2025, 65.870689 
17/01/25,2025, 65.271844 
18/01/25,2025, 62.530000 
20/01/25,2025, 62.919811 
21/01/25,2025, 63.826315 
22/01/25,2025, 65.080357 
23/01/25,2025, 64.416666 
24/01/25,2025, 62.287128 
25/01/25,2025, 61.250000 
27/01/25,2025, 63.678160 
28/01/25,2025, 62.691588 
29/01/25,2025, 61.333333 
30/01/25,2025, 59.960526 
31/01/25,2025, 57.402777 
01/02/25,2025, 54.390243 
04/02/25,2025, 56.000000 
05/02/25,2025, 53.306122 
06/02/25,2025, 52.434782 
07/02/25,2025, 55.600000 
08/02/25,2025, 57.466666 
10/02/25,2025, 64.085106 
11/02/25,2025, 67.204545 
12/02/25,2025, 67.980582 
13/02/25,2025, 66.489361 
14/02/25,2025, 65.133333 
15/02/25,2025, 66.952380 
17/02/25,2025, 69.960784 
18/02/25,2025, 67.875000 
19/02/25,2025, 68.004854 
20/02/25,2025, 70.000000 
21/02/25,2025, 68.220588 
22/02/25,2025, 68.140350 
24/02/25,2025, 67.000000 
25/02/25,2025, 66.872727 
26/02/25,2025, 68.972222 
27/02/25,2025, 71.230769 
28/02/25,2025, 68.000000 
01/03/25,2025, 65.869565 
03/03/25,2025, 65.513513 
04/03/25,2025, 67.676923 
05/03/25,2025, 59.071428 
06/03/25,2025, 58.214285 
07/03/25,2025, 67.047619 
08/03/25,2025, 66.942857 
10/03/25,2025, 66.467741 
11/03/25,2025, 70.845238 
12/03/25,2025, 73.290697 
13/03/25,2025, 74.743589 
14/03/25,2025, 69.417721 
15/03/25,2025, 70.981132 
18/03/25,2025, 72.566037 
19/03/25,2025, 72.562500 
20/03/25,2025, 68.400000 
21/03/25,2025, 67.762820 
22/03/25,2025, 65.764705 
24/03/25,2025, 68.206896 
25/03/25,2025, 66.760000 
26/03/25,2025, 67.281690 
27/03/25,2025, 64.335714 
28/03/25,2025, 63.250000 
29/03/25,2025, 55.523809 
31/03/25,2025, 51.600000 
01/04/25,2025, 53.285714 
02/04/25,2025, 56.636363 
03/04/25,2025, 59.882352 
04/04/25,2025, 59.891891 
05/04/25,2025, 61.875000 
07/04/25,2025, 66.456521 
08/04/25,2025, 67.101265 
09/04/25,2025, 67.982142 
10/04/25,2025, 68.432432 
11/04/25,2025, 69.315789 
12/04/25,2025, 67.589743 
14/04/25,2025, 69.000000 
15/04/25,2025, 64.837837 
16/04/25,2025, 64.683333 
21/04/25,2025, 59.750000 
22/04/25,2025, 63.878378 
23/04/25,2025, 61.247058 
24/04/25,2025, 61.292452 
25/04/25,2025, 59.830188 
26/04/25,2025, 58.648648 
28/04/25,2025, 58.090909 
29/04/25,2025, 57.021276 
30/04/25,2025, 58.166666 
02/05/25,2025, 58.095238 
03/05/25,2025, 57.304347 
05/05/25,2025, 58.142857 
06/05/25,2025, 57.953488 
07/05/25,2025, 57.300000 
08/05/25,2025, 54.950819 
09/05/25,2025, 55.930232 
10/05/25,2025, 55.043478 
12/05/25,2025, 49.941176 
13/05/25,2025, 49.617647 
14/05/25,2025, 51.320000 
15/05/25,2025, 47.187500 
16/05/25,2025, 49.085714 
17/05/25,2025, 46.277777 
19/05/25,2025, 47.172413 
20/05/25,2025, 47.693877 
21/05/25,2025, 48.465517 
22/05/25,2025, 49.896551 
23/05/25,2025, 48.450000 
24/05/25,2025, 49.382352 
26/05/25,2025, 51.190476 
27/05/25,2025, 48.633333 
28/05/25,2025, 48.826086 
29/05/25,2025, 51.781818 
30/05/25,2025, 50.851063 
31/05/25,2025, 53.116666 
02/06/25,2025, 53.840000 
03/06/25,2025, 50.783783 
04/06/25,2025, 51.166666 
05/06/25,2025, 48.347826 
06/06/25,2025, 47.574468 
07/06/25,2025, 47.741935 
09/06/25,2025, 50.000000 
10/06/25,2025, 50.026666 
11/06/25,2025, 51.400000 
12/06/25,2025, 48.648648 
13/06/25,2025, 47.533333 
14/06/25,2025, 49.725000 
16/06/25,2025, 49.272727 
17/06/25,2025, 46.794230 
18/06/25,2025, 41.480769 
19/06/25,2025, 40.615384 
20/06/25,2025, 41.057692 
21/06/25,2025, 39.071428 
23/06/25,2025, 37.642857 
24/06/25,2025, 39.777777 
25/06/25,2025, 41.214285 
26/06/25,2025, 39.666666 
27/06/25,2025, 35.000000 
28/06/25,2025, 35.875000 
30/06/25,2025, 34.151515 
01/07/25,2025, 35.615384 
02/07/25,2025, 35.888888 
03/07/25,2025, 36.633663 
04/07/25,2025, 37.597701 
05/07/25,2025, 37.290322 
07/07/25,2025, 37.930555 
08/07/25,2025, 38.416666 
09/07/25,2025, 37.811111 
10/07/25,2025, 37.746987 
11/07/25,2025, 37.450704 
12/07/25,2025, 37.607843 
14/07/25,2025, 38.351063 
15/07/25,2025, 37.298245 
16/07/25,2025, 37.127450 
17/07/25,2025, 34.553191 
18/07/25,2025, 32.428571 
19/07/25,2025, 30.666666 
21/07/25,2025, 28.973684 
22/07/25,2025, 30.431372 
23/07/25,2025, 28.811111 
24/07/25,2025, 26.083333 
25/07/25,2025, 24.000000 
26/07/25,2025, 25.272727 
28/07/25,2025, 28.887500 
29/07/25,2025, 25.900000 
30/07/25,2025, 26.558139 
31/07/25,2025, 26.763157 
01/08/25,2025, 27.328571 
02/08/25,2025, 26.807692 
04/08/25,2025, 27.111111 
05/08/25,2025, 28.075000 
06/08/25,2025, 29.191780 
07/08/25,2025, 29.133333 
08/08/25,2025, 28.686746 
09/08/25,2025, 29.026315 
11/08/25,2025, 28.190476 
12/08/25,2025, 27.967741 
13/08/25,2025, 27.243589 
14/08/25,2025, 25.662162 
15/08/25,2025, 24.138888 
16/08/25,2025, 24.521739 
18/08/25,2025, 25.312500 
19/08/25,2025, 24.392156 
20/08/25,2025, 22.897435 
21/08/25,2025, 22.813559 
22/08/25,2025, 22.327272 
23/08/25,2025, 22.485714 
25/08/25,2025, 23.219512 
26/08/25,2025, 21.971428 
27/08/25,2025, 21.195121 
28/08/25,2025, 21.620000 
29/08/25,2025, 21.539682 
30/08/25,2025, 21.238095 
01/09/25,2025, 20.660000 
02/09/25,2025, 19.954545 
03/09/25,2025, 19.566037 
04/09/25,2025, 19.326086 
05/09/25,2025, 19.320000 
06/09/25,2025, 19.210526 
08/09/25,2025, 19.235294 
09/09/25,2025, 18.500000 
10/09/25,2025, 18.516129 
11/09/25,2025, 17.860000 
12/09/25,2025, 18.102941 
13/09/25,2025, 18.327272 
15/09/25,2025, 18.066666 
17/09/25,2025, 18.517241 
18/09/25,2025, 18.641304 
19/09/25,2025, 18.500000 
20/09/25,2025, 18.297297 
22/09/25,2025, 18.340000 
23/09/25,2025, 18.150943 
24/09/25,2025, 18.006666 
25/09/25,2025, 18.047945 
26/09/25,2025, 18.031250 
27/09/25,2025, 18.093750 
29/09/25,2025, 18.398648 
30/09/25,2025, 18.300000 
01/10/25,2025, 18.261261 
02/10/25,2025, 17.765217 
03/10/25,2025, 17.750000 
04/10/25,2025, 17.000000 
06/10/25,2025, 17.319148 
07/10/25,2025, 17.483050 
08/10/25,2025, 17.292553 
09/10/25,2025, 16.950000 
10/10/25,2025, 16.875000 
11/10/25,2025, 17.157894 
13/10/25,2025, 17.785714 
14/10/25,2025, 17.773333 
15/10/25,2025, 17.988095 
16/10/25,2025, 18.107594 
17/10/25,2025, 18.511764 
18/10/25,2025, 18.704225 
20/10/25,2025, 19.306034 
21/10/25,2025, 19.350393 
22/10/25,2025, 19.330827 
23/10/25,2025, 18.916666 
24/10/25,2025, 17.304347 
25/10/25,2025, 17.852941 
27/10/25,2025, 17.839285 
28/10/25,2025, 17.048780 
29/10/25,2025, 17.269230 
30/10/25,2025, 17.405063 
31/10/25,2025, 17.581818 
01/11/25,2025, 17.594594 
03/11/25,2025, 17.525773 
04/11/25,2025, 17.598958 
05/11/25,2025, 17.639423 
06/11/25,2025, 17.686868 
07/11/25,2025, 16.700000 
08/11/25,2025, 17.459183 
10/11/25,2025, 17.454545 
11/11/25,2025, 16.618840 
12/11/25,2025, 16.364864 
13/11/25,2025, 16.246913 
14/11/25,2025, 15.890909 
15/11/25,2025, 15.515625 
18/11/25,2025, 15.863636 
19/11/25,2025, 15.575000 
20/11/25,2025, 15.141666 
21/11/25,2025, 15.277777 
22/11/25,2025, 15.616071 
24/11/25,2025, 15.957317 
25/11/25,2025, 16.016853 
26/11/25,2025, 15.965686 
27/11/25,2025, 16.018072 
28/11/25,2025, 15.716867 
29/11/25,2025, 15.892156 
01/12/25,2025, 16.350000 
02/12/25,2025, 16.271929 
03/12/25,2025, 16.063380 
04/12/25,2025, 16.100000 
05/12/25,2025, 15.320000 
06/12/25,2025, 14.928571 
08/12/25,2025, 15.794871 
09/12/25,2025, 15.687500 
10/12/25,2025, 15.722222 
11/12/25,2025, 15.603658 
12/12/25,2025, 15.661290 
13/12/25,2025, 15.692307 
15/12/25,2025, 15.820754 
16/12/25,2025, 16.033707 
17/12/25,2025, 15.855140 
18/12/25,2025, 16.086065 
19/12/25,2025, 16.091549 
20/12/25,2025, 16.330508 
22/12/25,2025, 16.668539 
23/12/25,2025, 16.623106 
24/12/25,2025, 16.833333 
26/12/25,2025, 16.766025 
27/12/25,2025, 16.673333 
29/12/25,2025, 16.916666 
30/12/25,2025, 16.757009 
31/12/25,2025, 17.070422 